{
  "intents": [
    {
      "intent": "ShowAccounts",
      "slots": [
        {
          "name": "optionsslot",
          "type": "OPTIONS"
        }
      ]
    },
    {
      "intent": "LastTransaction",
      "slots": [
        {
          "name": "optionsslot",
          "type": "OPTIONS"
        }
      ]
    },
    {
      "intent": "ShowBalance",
      "slots": [
        {
          "name": "optionsslot",
          "type": "OPTIONS"
        }
      ]
    },
    {
      "intent": "MakePayment",
      "slots": [
        {
          "name": "optionsslot",
          "type": "OPTIONS"
        }
      ]
    },
    {
      "intent": "NumberTransactions",
      "slots": [
        {
          "name": "optionsslot",
          "type": "OPTIONS"
        }
      ]
    }
  ]
}